pair;title_en;side;title_ru;conflict_or_resource;desc_full;shloka_dev;shloka_ref;shloka_tr;shloka_meaning;;;
1;Rebel;shadow;Мятежник;"«Если я перестану бунтовать, я потеряю себя. Но если продолжу, сожгу всё ценное».";"Отвергает, протестует, сжигает мосты. Часто разрушает даже то, что любит — лишь бы НЕ «подчиняться». Боится быть связанным и поэтому разрушает связи. Мятежник разрушает и борется с внешним, испытывая гнев и бунт. Он идёт против, не зная за что.";"तस्मादसक्तः सततं कार्यं कर्म समाचर ।
असक्तो ह्याचरन्कर्म परमाप्नोति पूरुषः ॥";Bhagavad Gita 3.19;"Поэтому, свободный от привязанности, всегда исполняй свой долг; действуя без привязанности, человек достигает Высшего.";Трансформируй бунт в служение делу без привязки к результату.;;;
1;Warrior;archetype;Воин;"Осознай, где твой бунт можно трансформировать в созидательное действие.";"Идёт в бой с ясной целью, умеет различать врага и союзника. Использует свою силу не против, а за. Воин служит, а не мстит. Он действует с мужеством и честью, знает, за что борется.";"कर्मण्येवाधिकारस्ते मा फलेषु कदाचन ।
मा कर्मफलहेतुर्भूर्मा ते सङ्गोऽस्त्वकर्मणि ॥";Bhagavad Gita 2.47;"Тебе принадлежит лишь право на действие, а не на его плоды. Не считай себя причиной плодов действий и не привязывайся к бездействию.";Действуй по долгу без привязки — это дисциплина Воина.;;;
2;Victim;shadow;Жертва;"«Если я перестану быть жертвой — мне придётся что-то делать, а не жаловаться».";"Ощущает себя бессильной, страдающей. Верит, что другие управляют её жизнью. Ожидает спасения извне. Жертва застревает в боли, обвиняет других и лишает себя силы.";"उद्धरेदात्मनाऽऽत्मानं नात्मानमवसादयेत् ।
आत्मैव ह्यात्मनो बन्धुरात्मैव रिपुरात्मनः ॥";Bhagavad Gita 6.5;"Пусть человек поднимет себя собственным Я и не низводит себя; ибо сам себе он друг и сам себе он враг.";Перестань ждать спасителя — подними себя силой внутреннего Я.;;;
2;Healer;archetype;Целитель;"Твоя боль — не приговор, а ворота к силе служения другим.";"Видит боль как путь к пробуждению. Исцеляет не только себя, но и других. Берёт на себя ответственность за своё внутреннее состояние. Целитель признаёт раны и исцеляет их с любовью и состраданием.";"प्रशान्तमनसं ह्येनं योगिनं सुखमुत्तमम् ।
उपैति शान्तरजसं ब्रह्मभूतमकल्मषम् ॥

युञ्जन्नेवं सदाात्मानं योगी नियतमानसः ।
शान्तिं निर्वाणपरमां मत्संस्थामधिगच्छति ॥";Bhagavad Gita 6.27-28;"Йог, чей ум умиротворён и очищен от страсти, вкушает высшее счастье; постоянно так соединяя себя с Йогой, он достигает высшего покоя — пребывания во Мне.";Лекарь исцеляет из внутренней тишины и связи с Источником.;;;
3;Outsider;shadow;Изгнанник;"«Если я подпущу кого-то близко, меня снова ранят».";"Считает, что не принадлежит ни к чему. Бежит от связей и людей. Часто уходит до того, как его покинут. Изгнанник отстраняется, не веря, что может быть принят.";"यो मां पश्यति सर्वत्र सर्वं च मयि पश्यति ।
तस्याहं न प्रणश्यामि स च मे न प्रणश्यति ॥";Bhagavad Gita 6.30;"Кто видит Меня во всём и всё во Мне — тому Я не исчезаю, и он не исчезает для Меня.";Видение единства растворяет отчуждение.;;;
3;Ally;archetype;Союзник;"Стань тем, кто сам принимает других, и ты больше не будешь один.";"Присутствует рядом. Не требует, но поддерживает. Создаёт пространство доверия, принадлежности и дружбы. Союзник — не тот, кто ""спасает"", а тот, кто видит и принимает в уязвимости. Присутствует из сердца, не из долга.";"अद्वेष्टा सर्वभूतानां मैत्रः करुण एव च ।
निर्ममो निरहङ्कारः समदुःखसुखः क्षमी ॥

सन्तुष्टः सततं योगी यतात्मा दृढनिश्चयः ।
मय्यर्पितमनोबुद्धिर्यो मद्भक्तः स मे प्रियः ॥";Bhagavad Gita 12.13-14;"Не питающий вражды ко всем существам, дружелюбный и сострадательный, свободный от «моего» и эго, ровный в счастье и горе, терпеливый; всегда довольный, дисциплинированный, твёрдый в решимости, ум и разум которого устремлены ко Мне — такой преданный дорог Мне.";Союзник — это сердечная дружба и сострадание.;;;
4;Judge;shadow;Судья;"«Если я не буду судить, значит, я всё одобряю?»";"Быстро выносит приговор. Оценивает и наказывает, особенно себя. Считает, что всё должно быть правильно. Судья осуждает, критикует, наказывает.";"किं कर्म किमकर्मेति कवयोऽप्यत्र मोहिताः ।
तत्त्वं कर्म प्रवक्ष्यामि यज्ज्ञात्वा मोक्ष्यसेऽशुभात् ॥";Bhagavad Gita 4.17;"Что есть действие и что бездействие — даже мудрецы здесь в замешательстве. Я объясню истину о действии, узнав которую, ты избавишься от несчастий.";Прежде чем судить — пойми тонкость кармы.;;;
4;Just;archetype;Справедливый;Преврати приговор в понимание — и появится справедливость.;"Отличает суть от формы. Различает, а не осуждает. Ищет истину, а 
не вину. Справедливый различает с мудростью, без осуждения.";"मुक्तसङ्गोऽनहंवादी धृत्युत्साहसमन्वितः ।
सिद्ध्यसिद्ध्योर्निर्विकारः कर्ता सात्त्विक उच्यते ॥";Bhagavad Gita 18.26;"Свободный от привязанности и самомнения, стойкий и усердный, невозмутимый в успехе и неуспехе — такой деятель называется саттвическим.";Справедливость — действие без эго и пристрастия.;;;
5;Wounded Healer;shadow;Раненый целитель;"«Если я покажу свою боль, я перестану быть полезным».";"Несёт боль, которую не осознал до конца. Помогает другим, избегая собственной боли, исцеляет других, не исцелив себя, жертвуя собой. Часто ранит других своей не отработанной болью.  Его служение — способ исцелиться самому, но часто через выгорание.";"अशास्त्रविहितं घोरं तप्यन्ते ये तपो जनाः ।
दम्भाहंकारसंयुक्ताः कामरागबलान्विताः ॥

कर्शयन्तः शरीरस्थं भूतग्राममचेतसः ।
मां चैवान्तःशरीरस्थं तान् विद्ध्यासुरनिश्चयान् ॥";Bhagavad Gita 17.5-6;"Некоторые совершают суровое, несоответствующее писаниям подвижничество, движимые притворством и гордыней, одолеваемые вожделением и привязанностью; неразумно изнуряя тело и живущих в нём существ, равно как и Меня, пребывающего в нём — знай, их убеждения демоничны.";Самоистязание не есть служение — перестань «лечить» ценой себя.;;;
5;Bodhisattva;archetype;Бодхисаттва;"Пусть твои раны станут источником сострадания, а не жертвы.";"Несёт свет, проходя через тьму. Сострадает не из жалости, а из 
мудрости. Помогает другим, не теряя себя. Бодхисаттва ведёт к 
свободе через сострадание.";"न हि ज्ञानेन सदृशं पवित्रमिह विद्यते ।
तत्स्वयं योगसंसिद्धः कालेनात्मनि विन्दति ॥";Bhagavad Gita 4.38;"Нет ничего чище знания; достигший йоги со временем обретает это в себе самом.";Целение приходит через знание и прямой опыт Истины.;;;
6;Betrayer;shadow;Предатель;«Если я откроюсь и останусь — меня ранят. Проще предать первым».;"Нарушает доверие. Часто обманывает себя, прежде чем обмануть других. Боится близости, поэтому разрушает её первым. Предатель рушит доверие и прячется от боли личных связей.";"कर्मेन्द्रियाणि संयम्य य आस्ते मनसा स्मरन् ।
इन्द्रियार्थान्विमूढात्मा मिथ्याचारः स उच्यते ॥";Bhagavad Gita 3.6;"Тот, кто внешне удерживает органы действия, но умом блуждает среди объектов чувств — тот неразумен и называется лицемером.";Пустые клятвы верности без внутренней честности — корень предательства.;;;
6;Protector;archetype;Защитник;"Посмотреть на боль, страх, ложь под другим углом. Увидеть путь к 
пробуждению.";"Стоит на страже, сохраняет границы. Верен истине и тем, кого 
любит. Способен защищать и быть рядом. Защитник — мягкая сила, 
стоящая на страже с любовью.";"मयि सर्वाणि कर्माणि संन्यस्याध्यात्मचेतसा ।
निर्विघ्नो निरहंकारो युध्यस्व विगतज्वरः ॥";Bhagavad Gita 3.30;"Посвяти Мне все действия, с умом, обращённым к Духу; без волнения и эгоизма сражайся, отбросив тревогу.";"Защищай не из страха, а как служение Высшему закону.";;;
7;Vampire;shadow;Вампир;"«Если я не получу внимание — исчезну. Но если получу, вдруг увидят, что я пуст».";"Забирает энергию через жалость, обиду, зависимость. Живёт за счёт чужих эмоций. Питания энергией — это стратегия выживания, выросшая из пустоты. Не верит, что достоин быть наполненным сам.";"कर्मेन्द्रियाणि संयम्य य आस्ते मनसा स्मरन् ।
इन्द्रियार्थान्विमूढात्मा मिथ्याचारः स उच्यते ॥";Bhagavad Gita 10.41;"«Кто внешне обуздывает органы действий, но в уме всё ещё вращает объекты чувств,— тот, будучи омрачён, называется лицемером (самообманщиком).»";"Vampire питается чужими эмоциями, потому что внутри — пустота и страх исчезнуть. Шлока раскрывает корень: самообман и внутренний голод, который не утоляется внешними “подпитками”.";;;
7;Star;archetype;Звезда;Ты — сосуд света и достоин быть наполненным .;"Светит изнутри. Излучает, не вытягивает. Привлекает, не привязывая. Звезда напоминает другим об их свете, не затмевая его. Звезда светит, вдохновляя быть собой.";"यद्यद् विभूतिमत्सत्त्वं श्रीमदूर्जितमेव वा ।
तत्तदेवावगच्छ त्वं मम तेजोऽंशसम्भवम् ॥";Bhagavad Gita 10.41;"«Всё, что исполнено силы, красоты и блеска — знай, происходит из искры Моего сияния.»";"Звезда светит изнутри — не забирает свет у других и не “привязывает”, а напоминает: сияние каждого — часть большего Света. Это про вдохновение без присвоения.";;;
8;Pig;shadow;Свинья;"«Я боюсь быть красивым(ой), вдруг тогда увидят мою уязвимость».";"Символ небрежности, обжорства, неуважения к телу. Часто — защита от стыда, способ спрятаться. Поглощает без меры, теряя связь с телом и природой.";"यातयामं गतरसं पूति पर्यूषितं च यत् ।
उच्छिष्टमपि चामेध्यं भोजनं तामसप्रियं ॥";Bhagavad Gita 17.10;"«Пища несвежая, безвкусная, тухлая, перекисшая; объедки и нечистое — милы тем, кто склонен к тамасу (омрачению).»

Смысл для тени “Pig”: речь не только о еде. Это образ поглощения без меры и неуважения к телу, выросшего из пустоты и стыда. Тамас «заливает» боль, но не наполняет — остаётся пустота.";"для тени “Pig”: речь не только о еде. Это образ поглощения без меры и неуважения к телу, выросшего из пустоты и стыда. Тамас «заливает» боль, но не наполняет — остаётся пустота.";;;
8;Living Beauty;archetype;Живая Красота;"Прими тело как храм, а пищу — как дар.";"Уважает тело как храм. Присутствует в каждой клетке. Её сила — в 
естественности. Красота, в которой нет притворства. Присутствие, в 
котором душа чувствует себя дома. Не про форму, а про живую 
вибрацию любви.";"आयुःसत्त्वबलारोग्यसुखप्रीतिविवर्धनाः ।
रस्याः स्निग्धाः स्थिरा हृद्याः आहाराः सात्त्विकप्रियाः ॥";Bhagavad Gita 17.8;"«Пища, любимая саттвичным человеком, увеличивает жизнь, ясность, силу, здоровье, радость и удовлетворение; она сочная, питательная, устойчивая и приятная сердцу.»";"Красота здесь — живость и бережность к телу. Когда тело почитается как храм, питание становится не способом скрыть стыд, а даром, который наполняет.";;;
9;Destroyer;shadow;Разрушитель;«Если я не разрушу — я взорвусь. Если я взорвусь — потеряю всё».;"Ломает из бессилия или ярости, чтобы не чувствовать. Часто 
действует из подавленного гнева. Не выдерживает стабильности. Часто боится, что не может создать — поэтому разрушает, чтобы не столкнуться с уязвимостью. Не верит, что может создать.";"देवनागरी (BG 16.21):
त्रिविधं नरकस्येदं द्वारं नाशनमात्मनः ।
कामः क्रोधस्तथा लोभस्तस्मादेतत्त्रयं त्यजेत् ॥";Bhagavad Gita 16.21;"«Три врата, ведущие в погибель души: вожделение, гнев и алчность. Потому оставь эти трое.»";"Для Destroyer ключ — кро́дха (гнев), который, не будучи встречен, толкает ломать, чтобы не чувствовать. Шлока указывает не на наказание, а на выход: оставление импульса разрушения ради сохранения себя и ценного.";;;
9;Magus;archetype;Маг;"Там, где точка разрушения — там же и точка максимальной концентрации энергии.";"Преображает через трансформацию, а не разрушение. Управляет 
энергией. Преображает боль в знание. Создаёт из хаоса новую 
форму. Маг — это тот, кто владеет энергией, не подавляя, а 
преобразуя. Его сила — в целостности и трансформации, в 
осознанности и внутреннем канале связи с Источником.";"न हि ज्ञानेन सदृशं पवित्रमिह विद्यते ।
तत्स्वयं योगसंसिद्धः कालेनात्मनि विन्दति ॥";Bhagavad Gita 4.38;"«Нет в этом мире очищающего, равного знанию; тот, кто утвердился в йоге, со временем находит его в себе.»";"Это про Мага: он не подавляет и не разрушает — преобразует. Знание и связь с Источником очищают боль, превращая её в форму и смысл.";;;
10;Monster;shadow;Изверг;"«Если я проявлю свою силу, я стану монстром. Лучше не брать ответственность».";"Олицетворение ужаса внутри. Может быть агрессивным, 
подавляющим, разрушительным. Часто спрятан глубоко. Чудовище нападает, потому что боится быть уязвимым.";"काम एष क्रोध एष रजोगुणसमुद्भवः ।
महाशनो महापाप्मा विद्ध्येनमिह वैरिणम् ॥";Bhagavad Gita 3.37;"ом и смыслом) — BHAGAVAD GITA 3.37

Деванагари:
काम एष क्रोध एष रजोगुणसमुद्भवः ।
महाशनो महापाप्मा विद्ध्येनमिह वैरिणम् ॥

Транслитерация: kāma eṣa krodha eṣa rajo-guṇa-samudbhavaḥ |
mahāśano mahā-pāpmā viddhyenam iha vairiṇam ||

Перевод: «Это вожделение — и гнев, рождающийся из раджаса; он всепожирающий, великий грешник. Знай его здесь своим врагом.»";"ом) — BHAGAVAD GITA 3.37

Деванагари:
काम एष क्रोध एष रजोगुणसमुद्भवः ।
महाशनो महापाप्मा विद्ध्येनमिह वैरिणम् ॥

Транслитерация: kāma eṣa krodha eṣa rajo-guṇa-samudbhavaḥ |
mahāśano mahā-pāpmā viddhyenam iha vairiṇam ||

Перевод: «Это вожделение — и гнев, рождающийся из раджаса; он всепожирающий, великий грешник. Знай его здесь своим врагом.»

Пояснение: Для Изверга корень — не сила как таковая, а пожирающий гнев/жажда, превращающие человека в “монстра”, если их не распознать. Смысл шлоки — увидеть настоящего врага внутри и взять ответственность за трансформацию.";;;
10;King;archetype;Король;Принимаю и использую свою силу во благо себя и всех существ во всех мирах.;"Воплощает зрелую силу. Отвечает за всё царство — внешнее и 
внутреннее. Его власть — не над, а через. Принимает силу и власть, 
не уничтожая. Обладает достоинством.";"यद्यदाचरति श्रेष्ठस्तत्तदेवेतरो जनः ।
स यत्प्रमाणं कुरुते लोकस्तदनुवर्तते ॥";Bhagavad Gita 3.21;"«Что бы ни делал достойный (лучший), другие следуют тому; что он считает мерой, то и принимает мир.»";"Для King это о зрелой силе и примере. Его власть — не «над», а через: присутствие и мера, которую он задаёт, становится опорой для других.";;;
11;Terrorist;shadow;Террорист;"«Мир несправедлив. Я должен разрушить, чтобы изменить». «Если я сдамся — меня не услышат».";"Насилие как выражение внутреннего отчаяния. Часто вырос на ранах без правды и справедливости. Верит, что разрушение — единственный способ изменить мир. Разрушает из ощущения несправедливости или бессилия. Часто бессознательная жажда быть замеченным.";"काम एष क्रोध एष रजोगुणसमुद्भवः ।
महाशनो महापाप्मा विद्ध्येनमिह वैरिणम् ॥";Bhagavad Gita 3.37;"Знай, это вожделение, рождающееся из гуны страсти, превращающееся в гнев — всепожирающий, великий грешник; считай его врагом.";"Разрушительная страсть — источник терроризма; оставь её.";;;
11;High Priest;archetype;Верховный Жрец;"Ты можешь быть услышан не через разрушение, а через сакральный голос истины. Твоя ярость — огонь ритуала, а не войны.";"Несёт сакральную силу. Возносит через мудрость и ритуал. Он 
служит не себе, а Источнику. В его словах — порядок, в сердце — 
связь с Божественным. Напоминает о Божественном порядке даже в хаосе.";"सुखदुःखे समे कृत्वा लाभालाभौ जयाजयौ ।
ततो युद्धाय युज्यस्व नैवं पापमवाप्स्यसि ॥";Bhagavad Gita 2.38;"Сохраняя равновесие в счастье и горе, при выигрыше и потере, победе и поражении, вступай в битву — так ты не навлечёшь греха.";Равновесие делает действие чистым — путь паладина/воина.;;;
12;Invalid;shadow;Болезный / Инвалид;«Если я встану — от меня снова будут ждать». «Я устал быть сильным».;"Внутренний паралич. Не верит в свою силу. Часто прячется за 
беспомощностью и страданием, чтобы не брать ответственность. Не только не верит в силу, но может требовать ухода через беспомощность. Внутри — забытая сила, которая ждёт пробуждения.";"उद्धरेदात्मनाऽऽत्मानं नात्मानमवसादयेत् ।
आत्मैव ह्यात्मनो बन्धुरात्मैव रिपुरात्मनः ॥";Bhagavad Gita 6.5;"Пусть человек поднимет себя собственным Я и не низводит себя; ибо сам себе он друг и сам себе он враг.";Перестань ждать спасителя — подними себя силой внутреннего Я.;;;
12;Healer;archetype;Целитель;Внутри слабости — источник настоящей силы. Сострадание к себе — первый шаг к восстановлению. Исцеление начинается с выбора быть живым.;"Не лечит — восстанавливает. Присутствует с любовью, не спасая, а 
поддерживая. Напоминает другим об их собственной мощи через 
заботу. Прошёл боль, но не стал болью. Целитель признаёт раны и 
исцеляет их с любовью и состраданием.";"अद्वेष्टा सर्वभूतानां मैत्रः करुण एव च ।
निर्ममो निरहङ्कारः समदुःखसुखः क्षमी ॥

सन्तुष्टः सततं योगी यतात्मा दृढनिश्चयः ।
मय्यर्पितमनोबुद्धिर्यो मद्भक्तः स मे प्रियः ॥";Bhagavad Gita 12.13-14;"Не питающий вражды ко всем существам, дружелюбный и сострадательный, свободный от «моего» и эго, ровный в счастье и горе, терпеливый; всегда довольный, дисциплинированный, твёрдый в решимости, ум и разум которого устремлены ко Мне — такой преданный дорог Мне.";Союзник — это сердечная дружба и сострадание.;;;
13;Fighter;shadow;Драчун;"«Если я не буду бороться — меня растопчут». «Я не знаю, как быть мягким и сильным одновременно».";"Ищет конфликт, чтобы чувствовать себя живым. Борется, даже когда не нужно. Часто боится быть слабым. За агрессией — боль неуслышанного и недоверие к принятию. Часто конфликтует даже там, где есть любовь.";"क्रोधाद्भवति संमोहः संमोहात्स्मृतिविभ्रमः ।
स्मृतिभ्रंशाद् बुद्धिनाशो बुद्धिनाशात्प्रणश्यति ॥";Bhagavad Gita 2.63;"Из гнева рождается заблуждение, из заблуждения — потеря памяти; потеря памяти разрушает разум, а гибель разума влечёт падение.";Гнев ослепляет — останови каскад и выбери честь вместо драки.;;;
13;Warrior;archetype;Воин;"Твоя сила не в драке, а в чести. Ты можешь быть мягким — и при этом несокрушимым.";"Идёт в бой с целью, а не из страха. Выбирает битвы осознанно.  
Уважает силу, но ещё больше — честь. Отличает битву от войны.  Воин умеет держать границы с достоинством.";"सुखदुःखे समे कृत्वा लाभालाभौ जयाजयौ ।
ततो युद्धाय युज्यस्व नैवं पापमवाप्स्यसि ॥";Bhagavad Gita 2.38;"Сохраняя равновесие в счастье и горе, при выигрыше и потере, победе и поражении, вступай в битву — так ты не навлечёшь греха.";Равновесие делает действие чистым — путь паладина/воина.;;;
14;Drunk;shadow;Пьяница;«Только в изменённом состоянии я могу быть собой». «Если я трезв — жизнь становится слишком реальной».;"Теряет контроль, забывается, уходит в зависимость. Ищет забвения, чтобы не чувствовать. Часто несёт боль, которую некому удержать. Теряет себя в попытке ускользнуть от правды. Часто не справляется с болью трезвого взгляда.";"तमस्त्वज्ञानजं विद्धि मोहनं सर्वदेहिनाम् ।
प्रमादालस्यनिद्राभिस्तन्निबध्नाति भारत ॥";Bhagavad Gita 14.8;"Знай, тьма (тамас), рождающаяся из невежества, вводит в заблуждение всех воплощённых; она связывает их небрежностью, ленью и сном.";"Опьянение и бегство — узы тамаса; проснись.";;;
14;Mystic;archetype;Мистик;Ты можешь входить в глубину без бегства. Твоё ясное сознание — это врата к Источнику.;"Входит в иные состояния осознанно. Использует транс для глубины, 
не бегства. Живёт в соединении с Источником.";"उदासीनवदासीना गुणैर्यो न विचाल्यते ।
गुणा वर्तन्त इत्येवं योऽवतिष्ठति नेङ्गते ॥";Bhagavad Gita 14.23;"Кто, подобно беспристрастному наблюдателю, не колеблется от гуṇ, понимая: «гуны действуют», — тот устойчив и не отклоняется.";Мистик наблюдает без слияния — и находит свободу.;;;
15;Outsider;shadow;Изгнанник;«Я чужой — и это больно». «Если я раскроюсь — меня не примут».;"Не чувствует себя частью. Отстраняется, избегает, страдает в 
одиночестве. Чувство «я чужой». Изгнанник отстраняется, не веря, что может быть принят.";"विद्याविनयसम्पन्ने ब्राह्मणे गवि हस्तिनि ।
शुनि चैव श्वपाके च पण्डिताः समदर्शिनः ॥";Bhagavad Gita 5.18;"Мудрые видят равным взглядом брахмана, корову, слона, собаку и даже собакоеда.";Равное видение исцеляет чувство чуждости.;;;
15;Old Wise Man;archetype;Старый Мудрый Мужчина;"Прими себя и почувствуешь принятие других. В одиночестве можно познать мудрость. Мудрость — не в признании, а в том, как ты признаёшь себя.";"Прошёл одиночество и нашёл в нём смысл. Наблюдает. Говорит 
мало, но точно. Принимает себя в своём одиночестве. Прошёл сквозь ярость. Принял и свет, и тьму. В его глазах — знание без осуждения. Он больше не борется. В нём — принятие и глубокое знание природы тьмы.";"प्रजहाति यदा कामान् सर्वान् पार्थ मनोगतान् ।
आत्मन्येवात्मना तुष्टः स्थितप्रज्ञस्तदोच्यते ॥";Bhagavad Gita 2.55;"Когда человек оставляет все желания, возникшие в уме, и находит удовлетворение в Атмане, тогда его называют устойчивым в мудрости.";"Мудрость — довольство в Себе, а не во внешнем признании.";;;
16;Vampire;shadow;Вампир;"«Если я не притяну — я исчезну». «Я боюсь быть один, поэтому держу».";"Берёт чужую энергию, не умея восполнять свою. Часто 
манипулирует, чтобы удержать внимание. Не верит в свою энергию.";"आवृतं ज्ञानमेतेन ज्ञानिनो नित्यवैरिणा ।
कामरूपेण कौन्तेय दुष्पूरेणानलेन च ॥";Bhagavad Gita 3.39;"«Знание покрывается этим вечным врагом — желанием, неутолимым, как огонь.»

Смысл для тени “Вампир”: голод внимания и энергии — это желание без дна. Пока оно управляет, истина и собственная сила закрыты «дымом» — кажется, что без чужой подпитки исчезнешь.";"для тени “Вампир”: голод внимания и энергии — это желание без дна. Пока оно управляет, истина и собственная сила закрыты «дымом» — кажется, что без чужой подпитки исчезнешь.";;;
16;Lover;archetype;Влюблённый;"Ты сам — источник. Чем больше любишь, тем меньше цепляешься.";"Дарит энергию от избытка. Привлекает, не затягивает. Любит и даёт 
любить. Любовь для него — священное пространство, а не объект 
желания.";"यो मां पश्यति सर्वत्र सर्वं च मयि पश्यति ।
तस्याहं न प्रणश्यामि स च मे न प्रणश्यति ॥";Bhagavad Gita 6.30;"«Кто видит Меня во всём и всё — во Мне, тот не теряет Меня, и Я не теряю его.»

Смысл для архетипа: Влюблённый излучает, а не тянет. Его любовь — напоминание о единстве: когда видишь Свет во всём, исчезает нужда привязывать. Ты сам — источник.";"для архетипа: Влюблённый излучает, а не тянет. Его любовь — напоминание о единстве: когда видишь Свет во всём, исчезает нужда привязывать. Ты сам — источник.";;;
17;Slut;shadow;Неряха / Распущенность;«Если я покажу себя — меня осудят». «Я недостойна/недостоин любви в своей природе».;"Пренебрежение собой. Часто путает близость с подтверждением своей ценности. Живёт в разрыве между виной и желанием. Часто маска «мне всё равно», когда на самом деле — боль отвержения.";"ये हि संस्पर्शजा भोगा दुःखयोनय एव ते ।
अध्यन्तवन्तः कौन्तेय न तेषु रमते बुधः ॥";Bhagavad Gita 5.22;"«Наслаждения, рождающиеся от соприкосновения чувств (с объектами), — источник страдания; они имеют начало и конец. Мудрый не находит в них подлинной радости.»";"Тень «Неряха/Распущенность» ищет подтверждение ценности во внешнем контакте и теряет себя. Шлока напоминает: привкус — мимолётен; боль — остаётся. Выход — вернуть связь с внутренней ценностью и заботой о себе.";;;
17;Living Beauty;archetype;Живая Красота;"Твоя природа — драгоценность. Истинная красота — это принятие 
себя, а не попытка понравиться.";"Красота как бытие, не как одежда. Целостность. Её сила — в 
естественности. Красота, в которой нет притворства. Присутствие, в 
котором душа чувствует себя дома. Принятие себя как дара.";"यद्यद् विभूतिमत्सत्त्वं श्रीमदूर्जितमेव वा ।
तत्तदेवावगच्छ त्वं मम तेजोऽंशसम्भवम् ॥";Bhagavad Gita 10.41;"«Всё, что исполнено силы, красоты и сияния, – знай: происходит из искры Моего света.»";"Живая Красота — это не одежда и не маска. Это естественное излучение внутреннего света. Когда видишь красоту как часть Божественного сияния, отпадает нужда «нравиться» — остаётся целостность и присутствие.";;;
18;Devil;shadow;"Дьявол, Искуситель";"«Я не могу отпустить — всё развалится». «Если не я, то кто?»";"Манипуляция, искушение властью, страхом, желаниями. Пытается контролировать всё, искажая истину. Верит, что без контроля всё развалится. За маской силы — испуг быть отвергнутым и беспомощным. Соблазняет внешним, уводя от сути.";"धूमेनाव्रियते वह्निर्यथादर्शो मलेन च ।
यथोल्बेनावृतो गर्भस्तथा तेनेदमावृतम् ॥";Bhagavad Gita 3.38;"«Как огонь покрывается дымом, как зеркало — грязью, как зародыш — оболочкой, так этим (желанием) покрывается знание.»";"Искуситель искажает истину — желанием и страхом контроля закрывает ясность, манипулируя «блеском» силы. Лекарство — увидеть дым над огнём и вернуть связь с правдой.";;;
18;King;archetype;Король;"Истинная власть — это доверие, а не контроль. Король служит целому, 
не удерживая силу.";"Воплощает зрелую силу. Ответственность, порядок, мудрое 
правление. Его власть — не над, а через. Доверяет жизни, не 
контролирует. Король владеет собой и царствует с внутренней 
силой.";"सक्ताः कर्मण्यविद्वांसो यथा कुर्वन्ति भारत ।
कुर्याद्विद्वांस्तथासक्तश्चिकीर्षुर्लोकसंग्रहम् ॥";Bhagavad Gita 3.25;"«Как невежды действуют с привязанностью, так мудрый пусть действует без привязанности — ради блага мира (loka-saṅgraha).»

Смысл для Короля: зрелая власть — служение целому, а не контроль. Король задаёт меру и порядок, доверяя Жизни и оставаясь опорой.";"для Короля: зрелая власть — служение целому, а не контроль. Король задаёт меру и порядок, доверяя Жизни и оставаясь опорой.";;;
19;Critic;shadow;Критик;«Если я не осужу — меня осудят». «Чтобы быть хорошим — нужно исправлять».;"Постоянная критика  и оценка  себя и других. Оценка — способ 
защититься от боли. Сравнивает, чтобы чувствовать себя безопасно. За критикой — страх быть увиденным.";"अनुद्वेगकरं वाक्यं सत्यं प्रियहितं च यत् ।
स्वाध्यायाभ्यसनं चैव वाङ्मयं तप उच्यते ॥";Bhagavad Gita 17.15;"Речь, не причиняющая тревоги, правдивая, приятная и полезная, равно как и практика изучения писаний — называется аскезой слова.";"Очищай речь: меньше осуждения — больше правды, пользы и мягкости.";;;
19;Star;archetype;Звезда;"Прими свой свет — не через оценивание, а через сияние.";"Светит, не сравнивая. Вдохновляет просто присутствием. Принимает свою уникальность. Звезда напоминает другим об их свете, не затмевая его. Звезда светит, вдохновляя быть собой.";"यद् यद् विभूतिमत्सत्त्वं श्रीमदूर्जितमेव वा ।
तत्तदेवावगच्छ त्वं मम तेजोऽंशसम्भवम् ॥";Bhagavad Gita 10.41;"Всё, что исполнено силы, красоты и блеска — знай, возникло лишь из искры Моего сияния.";"Сияние Звезды — отблеск Источника, а не гордыня.";;;
20;Curser;shadow;Проклинающий;«Если я не защищусь — меня раздавят». «Мир причиняет боль — я должен ответить».;"Гнев оборачивает в слова. Нападает, чтобы не чувствовать уязвимости. Часто — несправедливо. Часто не осознаёт свою боль. За проклятием — глубинная боль.";त्रिविधं नरकस्येदं द्वारं नाशनमात्मनः । कामः क्रोधस्तथा लोभस्तस्मादेतत्त्रयं त्यजेत् ॥;Bhagavad Gita 16.21;"«Есть три врата, ведущие душу к погибели: вожделение, гнев и жадность. Поэтому нужно оставить эти три».";Оставление гнева/похоти/жадности размыкает цикл самоповреждения.;;;
20;Earth Mother;archetype;Мать-Земля;Трансформируй гнев и боль в созидательную энергию. Прими себя — как дар.;"Принимает всё. Любит без условий. Не наказывает — трансформирует с любовью и уважением к жизни. Бескорыстно  питает даже тех, кто теряет с ней связь. Трансформирует с любовью и уважением к жизни. Её тепло возвращает связь с телом, ритмом природы и ощущением «дома».";गामाविश्य च भूतानि धारयाम्यहमोजसा । पुष्णामि चौषधीः सर्वाः सोमो भूत्वा रसात्मकः ॥;Bhagavad Gita 15.13;"«Войдя в Землю, Я поддерживаю все существа Своей силой; становясь Луной, Я питаю все растения соком».";"Поддержание и питание — святая функция Земли; преврати боль в созидание.";;;
21;Miser;shadow;Скупец;«Если я отдам — меня останется меньше. Я сам нуждаюсь».;"Живёт в страхе потерь. Сдерживает ресурсы, чувства, желания. Боится не хватит, боится доверять. Живёт в режиме дефицита. За жадностью — глубокое недоверие к миру.";अभयं सत्त्वसंशुद्धिर्ज्ञानयोगव्यवस्थितिः । दानं दमश्च यज्ञश्च स्वाध्यायस्तप आर्जवम् ॥ अहिंसा सत्यमक्रोधस्त्यागः शान्तिरपैशुनम् । दया भूतेष्वलोलुप्त्वं मार्दवं ह्रीरचापलम् ॥ तेजः क्षमा धृतिः शौचमद्रोहो नातिमानिता । भवन्ति संपदं दैवीमभिजातस्य भारत ॥;Bhagavad Gita 16.1–3;"«Бесстрашие… щедрость… сострадание ко всем существам, свобода от жадности — таковы божественные качества».";Щедрость и бесстрашие исцеляют режим дефицита.;;;
21;Angel;archetype;Ангел;Мир полон. Твоя щедрость открывает тебе же поток. Отдавая — ты расправляешь крылья.;"Дарит безусловно. Его природа — изобилие. Он не ожидает — он 
служит, и через это получает. Его свет — служение, не демонстрация.";इष्टान्भोगान्हि वो देवा दास्यन्ते यज्ञभाविताः । तैर्दत्तानप्रदायेभ्यो यो भुङ्क्ते स्तेन एव सः ॥;Bhagavad Gita 3.12;"«Полубоги, удовлетворённые жертвой, даруют блага; кто потребляет, не делясь, — вор».";Поток приходит через отдачу и служение.;;;
22;Prude;shadow;Ханжа;"«Если я откроюсь — меня осудят. Я стану слаб(а), грешен(на)».";"Отрицает телесность и  желания. Стыдит себя и других за телесность, чувства, влечение. За этим — страх потерять контроль и быть осуждённым. Боится быть неидеальной(ым).";सत्कारमानपूजार्थं तपो दम्भेन चैव यत् । क्रियते तदिह प्रोक्तं राजसं चलमध्रुवम् ॥;Bhagavad Gita 17.18;"«Аскеза ради почёта и славы, из лицемерия — страстная, непостоянная и непрочная».";"Лицемерная суровость — слабость; сила в искренности и мягкости.";;;
22;Fairy Godmother;archetype;Крестная-фея;"Твоя мягкость — сила. Принятие тела, желаний и нежности — ключ к 
волшебству.";"Принятие. Мягкость. Даёт то, чего ты боялся попросить. Делает 
пространство безопасным для души. В её присутствии становится 
безопасно быть собой.";विद्याविनयसम्पन्ने ब्राह्मणे गवि हस्तिनि । शुनि चैव श्वपाके च पण्डिताः समदर्शिनः ॥;Bhagavad Gita 5.18;"«Мудрецы видят одинаково брахмана, корову, слона, собаку и даже собакоеда».";Равное видение всех — основа принятия себя и других.;;;
23;Binger;shadow;Кутила;«Если я остановлюсь — столкнусь с пустотой». «Я боюсь одиночества внутри».;"Бесконтрольно потребляет - еду, секс, информацию, шум.  Боится пустоты. Заполняет её всем подряд, потому что боится почувствовать.";युक्ताहारविहारस्य युक्तचेष्टस्य कर्मसु । युक्तस्वप्नावबोधस्य योगो भवति दुःखहा ॥;Bhagavad Gita 6.17;"«Уравновешенный в еде, отдыхе, труде, сне и бодрствовании достигает йоги, устраняющей страдания».";Мера и ритм исцеляют бегство в излишества.;;;
23;Teacher;archetype;Учитель;"Твоя мера — это твоя глубина. Ты можешь выбирать, что впускаешь в себя — с любовью.";"Знает меру. Отбирает главное. Направляет без давления. Показывает, как быть целым, не переполненным. Делится опытом — не навязывает.";तद्विद्धि प्रणिपातेन परिप्रश्नेन सेवया । उपदेक्ष्यन्ति ते ज्ञानं ज्ञानिनस्तत्त्वदर्शिनः ॥;Bhagavad Gita 4.34;"«Узнай это через смирение, вопросы и служение; мудрецы, познавшие истину, наставят тебя».";Ищи наставления у видящих истину и делись только главным.;;;
24;Curser;shadow;Проклинающий;"«Если я не скажу резко — меня не услышат». «Я боюсь, что в мягкости меня проигнорируют».";"Боль, превращённая в обвинение. Слова становятся оружием. Часто неосознанное желание вернуть себе контроль.  Нападает, чтобы не чувствовать уязвимости. Часто — несправедливо. Часто не осознаёт свою боль. За проклятием — глубинная боль.";त्रिविधं नरकस्येदं द्वारं नाशनमात्मनः । कामः क्रोधस्तथा लोभस्तस्मादेतत्त्रयं त्यजेत् ॥;Bhagavad Gita 16.21;"«Есть три врата, ведущие душу к погибели: вожделение, гнев и жадность. Поэтому нужно оставить эти три».";Оставление гнева/похоти/жадности размыкает цикл самоповреждения.;;;
24;Messenger;archetype;Посланник;"Твоя речь может быть мечом — или крылом. Слово, сказанное с 
любовью, меняет мир.";"Говорит ради пробуждения. Истина в его словах — не ранит, а 
освобождает. Несёт правду, не разрушая. Его голос — путь к пониманию и исцелению. Он говорит не чтобы обвинить, а чтобы пробудить.";अनुद्वेगकरं वाक्यं सत्यं प्रियहितं च यत् । स्वाध्यायाभ्यसनं चैव वाङ्मयं तप उच्यते ॥;Bhagavad Gita 17.15;"«Речь, не причиняющая беспокойства, правдивая, приятная и полезная, — это аскеза речи».";"Правдивая и мягкая речь лечит лучше, чем обвинение.";;;
25;Destroyer;shadow;Разрушитель;«Я не умею строить — я только ломаю. Я боюсь быть в тишине. Созидание — слишком уязвимо».;"Ломает из бессилия или ярости, чтобы не чувствовать. Часто боится, что не может создать — поэтому разрушает, чтобы не столкнуться с уязвимостью. Не верит, что может создать.";अर्जुन उवाच — अथ केन प्रयुक्तोऽयं पापं चरति पूरुषः । अनिच्छन्नपि वार्ष्णेय बलादिव नियोजितः ॥;Bhagavad Gita 3.36;"«Арджуна сказал: что побуждает человека к греху, словно силой, даже против его воли?»";"Распознай силу, толкающую к разрушению, и направь её в творчество.";;;
25;Creator;archetype;Творец;"Ты можешь быть пламенем, которое греет, а не сжигает. Создание — это акт свободы.";Создаёт из хаоса. Превращает пепел в смысл. Создаёт новое на месте старого. Использует хаос как топливо вдохновения. Его дар и сила — трансформировать разрушение в смысл.;अहं सर्वस्य प्रभवो मत्तः सर्वं प्रवर्तते । इति मत्वा भजन्ते मां बुधा भावसमन्विताः ॥;Bhagavad Gita 10.8;"«Я — источник всего; из Меня всё исходит. Зная это, мудрые поклоняются Мне с любовью».";Соединяйся с Источником — творение течёт изтуда.;;;
26;Lecher;shadow;Распутник;«Если я стану уязвим — меня не захотят». «Если я открою душу — это слишком опасно».;"Ищет телесной близости без глубины. Часто за этим стоит жажда признания и страх настоящей связи. Бросается в страсть, избегая интимности души. За желанием — одиночество.";त्रिविधं नरकस्येदं द्वारं नाशनमात्मनः । कामः क्रोधस्तथा लोभस्तस्मादेतत्त्रयं त्यजेत् ॥;Bhagavad Gita 16.21;"«Есть три врата, ведущие душу к погибели: вожделение, гнев и жадность. Поэтому нужно оставить эти три».";Оставление гнева/похоти/жадности размыкает цикл самоповреждения.;;;
26;Tantrica;archetype;Тантрика;"Ты можешь быть желанным и священным одновременно. Чувственность — твой дар, не угроза.";"Видит в теле — храм, в соединении — путь. Проживает телесность как священное. Видит в страсти путь к соединению душ. Близость — акт любви, а не потребления. Через любовь она приближается к 
Божественному.";बलं बलवतां चाहं कामरागविवर्जितम् । धर्माविरुद्धो भूतेषु कामोऽस्मि भरतर्षभ ॥;Bhagavad Gita 7.11;"«Я — сила сильных, свободная от страсти; Я — желание, не противоречащее дхарме».";"Желание очищается, служа дхарме — так оно становится силой.";;;
27;Lazy-Bones;shadow;Лентяй;«Если я начну — от меня потребуют слишком много». «Если я сделаю — придётся брать ответственность».;"Откладывает, замирает, избегает. Страх успеха такой же как страх неудачи. Часто за ленью — страх провала или успеха.  Боится ответственности.";नियतं कुरु कर्म त्वं कर्म ज्यायो ह्यकर्मणः । शरीरयात्रापि च ते न प्रसिद्ध्येदकर्मणः ॥;Bhagavad Gita 3.8;"«Действуй: действие лучше бездействия; даже тело не поддержать без действия».";Выбор действия вместо застоя возвращает достоинство.;;;
27;Strongman;archetype;Силач;"Ты не должен рваться. Но ты можешь выбрать движение — с 
достоинством.";"Сила в спокойствии. Действует с ясной силой. Не спешит, но движется. Его устойчивость — его энергия.";कर्मण्येवाधिकारस्ते मा फलेषु कदाचन । मा कर्मफलहेतुर्भूर्मा ते सङ्गोऽस्त्वकर्मणि ॥;Bhagavad Gita 2.47;"«Право твоё — на действие, а не на плоды; не считай себя причиной плодов и не привязывайся к бездействию».";"Делай своё — не залипай в результате; проявляйся.";;;
28;Boss;shadow;Босс;"«Если я не надавлю — меня не услышат». «Я боюсь, что без контроля всё развалится».";"Командует, чтобы не быть слабым. Приказывает, доминирует, требует. Часто боится потерять контроль или уважение. Боится потерять авторитет. За контролем — страх быть отвергнутым.";अहंकारं बलं दर्पं कामं क्रोधं च संश्रिताः । मामात्मपरदेहेषु प्रद्विषन्तोऽभ्यसूयकाः ॥;Bhagavad Gita 16.18;"«Пропитанные гордыней, силой, высокомерием, вожделением и гневом, завистники ненавидят Меня в собственном и в других телах».";"Тиран опирается на гордыню и гнев; настоящий правитель — на дхарму.";;;
28;Chief;archetype;Вождь;"Твоя сила не в контроле, а во влиянии. Истинный лидер — это тот, кого хотят 
слушать.";"Ведёт через вдохновение, а не страх. Слушает и слышит. Его уважают за ясность и заботу. Он чувствует людей, а не командует ими. Его сила — в служении людям.";"यद्यदाचरति श्रेष्ठस्तत्तदेवेतरो जनः ।
स यत्प्रमाणं कुरुते लोकस्तदनुवर्तते ॥";Bhagavad Gita 3.21;"«Что бы ни делал достойный (лучший), другие следуют тому; что он считает мерой, то и принимает мир.»";«Стань мерой для мира: делай ясно и честно — и люди потянутся.»;;;
29;Hider;shadow;Прячущийся;«Если я покажусь — меня осмеют или потребуют». «Если я попробую — могу не справиться».;"Бежит от своей силы. Избегает  целей, мечт, действий. Часто боится провала. Скрывается за «не время», «не место». Боится ярко проявиться. Скрывается даже от самого себя.";यया स्वप्नं भयं शोकं विषादं मदमेव च । न विमुञ्चति दुर्मेधा दुःखसंगं च तां स्मृताम् ॥;Bhagavad Gita 18.35;"«Решимость в невежестве привязывает к сну, страху, печали, унынию и даже опьянению».";Пленённость страхом и унынием парализует — выбери живое действие.;;;
29;Pioneer;archetype;Первопроходец;Ты достоин быть видимым. Твоя искренность — твоя сила.;"Идёт в неизведанное, несмотря на страх. Ошибается, но не 
останавливается. Учится на пути. Его сила — в вере в зов души.";कर्मण्येवाधिकारस्ते मा फलेषु कदाचन । मा कर्मफलहेतुर्भूर्मा ते सङ्गोऽस्त्वकर्मणि ॥;Bhagavad Gita 2.47;"«Право твоё — на действие, а не на плоды; не считай себя причиной плодов и не привязывайся к бездействию».";"Делай своё — не залипай в результате; проявляйся.";;;
30;Competitor;shadow;Соперник / Конкурент / Противник;«Если я не буду соревноваться — проиграю». «Если я не лучший — я никто».;"Сравнивает, меряется, соревнуется, теряет контакт с собой. Часто внутри — страх быть недостаточным. За конкуренцией — страх проиграть. Боится быть хуже других.";यया स्वप्नं भयं शोकं विषादं मदमेव च । न विमुञ्चति दुर्मेधा दुःखसंगं च तां स्मृताम् ॥;Bhagavad Gita 18.35;"«Решимость в невежестве привязывает к сну, страху, печали, унынию и даже опьянению».";Пленённость страхом и унынием парализует — выбери живое действие.;;;
30;Ally;archetype;Союзник;"Ты не в гонке. Ты в пути — рядом с другими. Сотрудничество лечит 
одиночество.";"Смотрит в одну сторону с тобой. Не спасает, а рядом.  Поддерживает, а не оценивает. Верит в общее поле, где всем хватает. Присутствует из сердца, не из долга. Его победа — рост общего. Побеждает вместе.";अद्वेष्टा सर्वभूतानां मैत्रः करुण एव च । निर्ममो निरहङ्कारः समदुःखसुखः क्षमी ॥ सन्तुष्टः सततं योगी यतात्मा दृढनिश्चयः । मय्यर्पितमनोबुद्धिर्यो मद्भक्तः स मे प्रियः ॥;Bhagavad Gita 12.13–14;"«Кто дружествен и сострадателен, свободен от эгоизма, ровен в счастье и горе, решителен и предан — дорог Мне».";Сострадание и ровность — форма зрелой силы служения.;;;
31;Coward;shadow;Трус;«Если я пойду — меня разобьют. Лучше спрятаться».;"Боится шагнуть в неизвестность. Бежит от вызова. Часто замирает в моменты, когда нужно действовать. Страх быть уязвимым сильнее желания роста. За страхом — мечта о силе.";प्रवृत्तिं च निवृत्तिं च जना न विदुरासुराः । न शौचं नापि चाचारो न सत्यं तेषु विद्यते ॥;Bhagavad Gita 16.7;"«Люди демонического нрава не знают, что делать и чего избегать; у них нет чистоты, поведения и правдивости».";Предательство растёт из потери ориентира «что правильно».;;;
31;Hero;archetype;Герой;"Смелость — не отсутствие страха, а движение сквозь него. В тебе уже 
живёт Герой.";"Действует несмотря на страх. Делает шаг, даже дрожа. Служит, не 
спасает. Не безупречен, но честен. Его путь — служение, честь и 
честность.";क्षिप्रं भवति धर्मात्मा शश्वच्छान्तिं निगच्छति । कौन्तेय प्रतिजानीहि न मे भक्तः प्रणश्यति ॥;Bhagavad Gita 9.31;"«Он быстро становится праведным и достигает вечного мира. Объяви, сын Кунти: Мой преданный не погибает».";Верность исцеляет: преданный не гибнет.;;;
32;Martyr;shadow;Мученик;«Если я не пожертвую собой — я буду эгоистом».;"Жертвует собой, чтобы быть нужным, заслужить любовь. Надеется, что кто - то увидит его боль. Часто забывает себя, надеясь, что кто - то заметит.";अहंकारं बलं दर्पं कामं क्रोधं च संश्रिताः । मामात्मपरदेहेषु प्रद्विषन्तोऽभ्यसूयकाः ॥;Bhagavad Gita 16.18;"«Пропитанные гордыней, силой, высокомерием, вожделением и гневом, завистники ненавидят Меня в собственном и в других телах».";"Тиран опирается на гордыню и гнев; настоящий правитель — на дхарму.";;;
32;Paladin;archetype;Светлый воин;Ты достоин жить не только ради других. Когда ты цел — ты исцеляешь.;"Служит истине, а не жалости, даже если один. Его путь — честь. Он 
сражается не ради победы, а ради света. Его жертва — выбор, а не 
спасение.";स्वधर्ममपि चावेक्ष्य न विकम्पितुमर्हसि । धर्म्याद्धि युद्धाच्छ्रेयोऽन्यत्क्षत्रियस्य न विद्यते ॥;Bhagavad Gita 2.31;"«Даже рассматривая свой долг, тебе не следует колебаться; ведь для кшатрия нет лучшего, чем праведная битва».";"Честь долга и защита света — действуй по дхарме, не ради плодов.";;;
33;Critic;shadow;Критик;"«Если я не укажу на ошибки — всё сломается». «Я должен быть умным, иначе я никто».";"Комментирует, оценивает, высмеивает. Сравнивает, чтобы чувствовать себя безопасно. За критикой — страх быть увиденным. Часто — защита от собственной боли.";कर्मणो ह्यपि बोद्धव्यं बोद्धव्यं च विकर्मणः । अकर्मणश्च बोद्धव्यं गहना कर्मणो गतिः ॥;Bhagavad Gita 4.17;"«Следует понимать, что такое действие, неправильное действие и бездействие; путь кармы труднопостижим».";Прежде чем судить — пойми тонкость кармы.;;;
33;Adept;archetype;Знающий;"Твоя глубина — не в суждении, а в ясности. Ты можешь быть проводником.";"Не осуждает — различает. Спокоен в любых состояниях. Знает природу движения и покоя. Наставник через собственную внутреннюю целостность. Не подавляет — обучает. Его знание — не власть, а путь.";न हि देहभृता शक्यं त्यक्तुं कर्माण्यशेषतः । यस्तु कर्मफलत्यागी स त्यागीत्यभिधीयते ॥;Bhagavad Gita 18.11;"«Невозможно, пока живёт тело, полностью оставить действие; отрекшийся от плодов действия — истинный отрешённый».";"Мудрость — в отрешении от плодов, а не в контроле.";;;
34;Black Widow;shadow;Чёрная вдова;«Если я не управляю — меня предадут». «Любовь — это боль. Я отомщу».;"Очаровывает, а затем разрушает. Часто неосознанная месть за старую боль. За магией — обида.";दम्भो दर्पोऽभिमानश्च क्रोधः पारुष्यमेव च । अज्ञानं चाभिजातस्य पार्थ सम्पदामासुरीम् ॥;Bhagavad Gita 16.4;"«Лицемерие, гордыня, высокомерие, гнев, грубость и невежество — признаки демонической природы».";Гордыня и грубость — признаки ложной силы.;;;
34;Goddess;archetype;Богиня;"Твоя магия — это притяжение души, не манипуляция. Богиня не нуждается 
в мести — она выбирает любовь.";"Целостна и сияет. Воплощение любви, власти и мягкой силы. Её 
притяжение — свет, не яд. Её дар — исцеление через красоту  и любовью .";नासतो विद्यते भावो नाभावो विद्यते सतः । उभयोरपि दृष्टोऽन्तस्त्वनयोस्तत्त्वदर्शिभिः ॥;Bhagavad Gita 2.16;"«У несуществующего нет бытия, а у существующего нет небытия; мудрые видят истину об обоих».";Мудрый различает истинное и мнимое — и не мстит.;;;
35;Monster;shadow;Изверг;«Если я признаю свою тень — меня отвергнут». «Я боюсь быть чудовищем».;"Природа, отвергнутая полностью. Может вспыхнуть в разрушении, если долго подавлять. Часто это голос, которого никто не услышал.";आत्मौपम्येन सर्वत्र समं पश्यति योऽर्जुन । सुखं वा यदि वा दुःखं स योगी परमो मतः ॥;Bhagavad Gita 6.32;«Кто везде видит равенство по аналогии с собой — в счастье и страдании — тот высший йог».;"Высший целитель — тот, кто чувствует боль другого как свою.";;;
35;Old Wise Man;archetype;Старец;"Твоя тень — проводник. В её сердце — мудрость, которую ты искал.";"Принял свои тени. Спокоен. Его знание не из книг, а из боли и пути. Прошёл сквозь ярость. Принял и свет, и тьму. В его глазах — знание без осуждения. Он больше не борется. В нём — принятие и глубокое знание природы тьмы.";यस्मान्नोद्विजते लोको लोकान्नोद्विजते च यः । हर्षामर्षभयोद्वेगैर्मुक्तो यः स च मे प्रियः ॥;Bhagavad Gita 12.15;"«Тот, от кого мир не тревожится и кто сам не тревожится миром, свободный от радости, гнева, страха и волнений — дорог Мне».";"Любящий приносит миру спокойствие; его сердце не ранит.";;;
36;Failure;shadow;Неудачник;"«Я не начну, потому что не верю в успех». «Я боюсь быть смешным».";"Живёт в поражении до того, как начнёт. Боится неудачи больше, чем скуки. Часто прекращает путь раньше времени.";भोक्तारं यज्ञतपासां सर्वलोकमहेश्वरम् । सुहृदं सर्वभूतानां ज्ञात्वा मां शान्तिमृच्छति ॥;Bhagavad Gita 5.29;"«Зная Меня как Владыку жертв и подвижничества, Господа миров и друга всех существ, человек обретает мир».";"Мир приходит, когда помнишь Высшего Друга всех существ.";;;
36;Genius;archetype;Гений;"Твоя ценность — не в победе, а в дерзновении. Гений идёт, даже если 
все смеются.";"Ошибается — и идёт дальше. Не боится быть другим. Его путь — не 
идеальность, а свобода быть собой.";अनन्याश्चिन्तयन्तो मां ये जनाः पर्युपासते । तेषां नित्याभियुक्तानां योगक्षेमं वहाम्यहम् ॥;Bhagavad Gita 9.22;"«Тем, кто с непоколебимой преданностью поклоняется Мне, Я несу защиту и всё необходимое».";Охраняющая сила рождается из доверия к Высшему.;;;
37;Slave;shadow;Раб;«Если я не подчинюсь — меня бросят». «Я не достоин голоса».;"Подчиняется, забывая о своих желаниях. Часто выбирает угождение вместо свободы. За послушанием — страх одиночества.";श्रेयान्स्वधर्मो विगुणः परधर्मात्स्वनुष्ठितात् । स्वधर्मे निधनं श्रेयः परधर्मो भयावहः ॥;Bhagavad Gita 3.35;"«Лучше плохо исполнять свой долг, чем хорошо — чужой. Смерть в своём долге лучше; чужой долг опасен».";"Вернись к своему пути: свой долг, пусть несовершенный, лучше чужого.";;;
37;Teacher;archetype;Учитель;"Ты можешь учить не подчинением, а примером. Свобода — твой путь.";"Учит из опыта. Не требует — вдохновляет. Он прошёл путь, на котором стал свободным.";यद्यद्विभूतिमत्सत्त्वं श्रीमदूर्जितमेव वा । तत्तदेवावगच्छ त्वं मम तेजोंऽशसम्भवम् ॥;Bhagavad Gita 10.41;"«Всё могущественное, прекрасное и славное — знай, что это возникает из искры Моего сияния».";Всякая красота и сила — искра Божественного света внутри.;;;
38;Prostitute;shadow;Продажная;«Если я не понравлюсь — меня не полюбят». «Я могу быть принята только телом».;"Продаёт себя — внимание, тело, энергию — чтобы быть принятой. Часто не видит свою истинную ценность.";यातयामं गतरसं पूति पर्युषितं च यत् । उच्छिष्टमपि चामेध्यं भोजनं तामसप्रियम् ॥;Bhagavad Gita 17.10;"«Еда несвежая, безвкусная, протухшая, осквернённая и нечистая — любима теми, кто во тьме».";"Бездумное потребление — тьма; выбирай пищу жизни.";;;
38;Tantrica;archetype;Священная любовница;"Твоя близость — дар, а не товар. Ты — храм.";"Проживает связь как сакральную. Чувственность — путь к просветлению, а не средство выживания.";आयुःसत्त्वबलारोग्यसुखप्रीतिविवर्धनाः । रस्याः स्निग्धाः स्थिरा हृद्या आहाराः सात्त्विकप्रियाः ॥;Bhagavad Gita 17.8;"«Пищи, продлевающие жизнь, укрепляющие силу, здоровье, счастье и радость — сочные, маслянистые, устойчивые и приятные — любимы людьми в благости».";"Истинная красота — саттвичная, питающая и живая.";;;
39;Slut;shadow;"Неряха, «грязная» женщина";"«Если я позволю себе чувствовать — меня осудят». «Я должна быть чистой (правильной/безупречной), чтобы быть любимой».";"Осуждена — за свободу, дикость, тело. Часто носит вину за 
удовольствие, которая не её. Часто путает близость с подтверждением своей ценности. Живёт в разрыве между виной и желанием.  Внутри — живая, ранимая душа.";त्रिविधं नरकस्येदं द्वारं नाशनमात्मनः । कामः क्रोधस्तथा लोभस्तस्मादेतत्त्रयं त्यजेत् ॥;Bhagavad Gita 16.21;"«Есть три врата, ведущие душу к погибели: вожделение, гнев и жадность. Поэтому нужно оставить эти три».";Оставление гнева/похоти/жадности размыкает цикл самоповреждения.;;;
39;Queen;archetype;Королева;Ты можешь быть свободной и уважаемой. В тебе — королевская суть.;"Знает свою ценность. Владеет собой и своим телом. Не стыдится 
наслаждения. Её достоинство не зависит от мнений. Её сила — в 
уверенности и принятии. Не оправдывается — живёт.";न हि ज्ञानेन सदृशं पवित्रमिह विद्यते ।;Bhagavad Gita 4.38;"«Нет в этом мире ничего более чистого и возвышенного, чем знание».";"Там, где был надлом, знание очищает и возвышает.";;;
40;Stupid;shadow;Глупый;"«Если я скажу — будут смеяться». «Я недостаточно умен, чтобы быть услышанным».";"Прячет ум за маской. Боится показаться неуместным, говорит меньше, чем думает. Часто прячет ум под маской неуверенности. Тень, которая боится быть яркой.";दम्भो दर्पोऽभिमानश्च क्रोधः पारुष्यमेव च । अज्ञानं चाभिजातस्य पार्थ सम्पदामासुरीम् ॥;Bhagavad Gita 16.4;"«Лицемерие, гордыня, высокомерие, гнев, грубость и невежество — признаки демонической природы».";Гордыня и грубость — признаки ложной силы.;;;
40;Jester;archetype;Шут;Смех — форма мудрости. Ты можешь быть лёгким и глубоким.;"Мудрость, спрятанная за смехом. Смеётся над страхом и раскрывает истину через парадокс. Его глупость — это способ разрушить серьёзность эго. Он освещает тьму лёгкостью. Несёт истину через игру. Простой взгляд на сложное. Не боится ошибиться.";आपूर्यमाणमचलप्रतिष्ठं समुद्रमापः प्रविशन्ति यद्वत् । तद्वत्कामा यं प्रविशन्ति सर्वे स शान्तिमाप्नोति न कामकामी ॥;Bhagavad Gita 2.70;"«Как воды рек наполняют неподвижный океан, не вызывая волнения, так и тот, к кому приходят желания, обретает мир — а не тот, кто гонится за ними».";"Внутренняя полнота — смех без жадности; океан, невозмутимый желаниями.";;;
41;Thief;shadow;Вор;"«Я должен заслужить, иначе никто не даст». «Меня заметят, только если я возьму».";"Крадёт, потому что боится, что ему не дадут. Забирает чужое — внимание, идеи, признание, чтобы почувствовать себя ценным. Часто боится, что своего не хватит.  За воровством — глубокое ощущение недостаточности.  Не знает, что его свет — уникален.";इष्टान्भोगान्हि वो देवा दास्यन्ते यज्ञभाविताः । तैर्दत्तानप्रदायेभ्यो यो भुङ्क्ते स्तेन एव सः ॥;Bhagavad Gita 3.12;"«Полубоги, удовлетворённые жертвой, даруют блага; тот, кто потребляет, не делясь, — вор».";"Брать, не отдавая, — кража: поток открывается щедростью и жертвой.";;;
41;Star;archetype;Звезда;"Ты не должен красть, чтобы светить. В тебе уже есть свет.";"Сияет без разрешения. Не требует — притягивает, просто будучи собой. Её сияние не зависит от сравнения, оно в искренности и 
самодостаточности. Звезда напоминает другим об их свете, не 
затмевая его. Показывает, что быть собой — достаточно.";योगी युञ्जीत सततमात्मानं रहसि स्थितः । एकाकी यतचित्तात्मा निराशीरपरिग्रहः ॥;Bhagavad Gita 6.10;"«Йог должен постоянно заниматься йогой в уединении, один, обуздав ум и тело, без надежд и собственности».";Сила уединения и самообуздания даёт ясность зависимому уму.;;;
42;Fighter;shadow;Драчун;«Если я не ударю — меня уничтожат». «Сила = злость».;"Нападает первым, чтобы не быть уязвлённым. Часто за агрессией — страх быть слабым.  Не умеет просить. За кулаками — тоска по защите.";क्रोधाद्भवति संमोहः संमोहात्स्मृतिविभ्रमः । स्मृतिभ्रंशाद्बुद्धिनाशो बुद्धिनाशात्प्रणश्यति ॥;Bhagavad Gita 2.63;"«Из гнева рождается заблуждение, из заблуждения — утрата памяти; из утраты памяти — гибель разума, а из гибели разума — падение».";Гнев ослепляет и роняет разум — останови каскад падения.;;;
42;Paladin;archetype;Светлый воин;"Твоя сила не в нападении, а в стойкости. Ты можешь быть сильным — без ярости.";"Сражается за справедливость и правду, а не из страха. Его сила — в 
чести, а не ярости. Стоит на стороне истины, даже если один. Он 
сражается не ради победы, а ради света. Несёт свет через действие.";यः सर्वत्रानभिस्नेहस्तत्तत्प्राप्य शुभाशुभम् । नाभिनन्दति न द्वेष्टि तस्य प्रज्ञा प्रतिष्ठिता ॥;Bhagavad Gita 2.57;"«Кто ни к чему не привязан, не радуется и не ненавидит, встречая приятное и неприятное, — его мудрость установлена».";Мудрый ровен и свободен — не ранит и не раним из‑за прихода/ухода.;;;
43;Murderer;shadow;Убийца;«Если я покажу гнев — стану чудовищем». «Во мне опасность».;"Уничтожает — символически или в мыслях  изнутри, чтобы не быть уязвлённым. Часто носит в себе подавленный гнев.  За гневом — боль и страх. Часть, которая хочет исчезнуть.  За разрушением скрыта глубокая боль и потребность в границах.";यः शास्त्रविधिमुत्सृज्य वर्तते कामकारतः । न स सिद्धिमवाप्नोति न सुखं न परां गतिम् ॥;Bhagavad Gita 16.23;"«Кто, отвергнув предписание шастр, действует, как ему вздумается, — не достигнет ни совершенства, ни счастья, ни высшей цели».";"Бунт без шастры разрушает; направь силу на праведное действие.";;;
43;Old Wise Man;archetype;Старец;Гнев может разрушать — или исцелять. Старец выбирает мудрость.;"Прошёл сквозь ярость. Принял и свет, и тьму. В его глазах — знание без осуждения. Он больше не борется. В нём — принятие и глубокое знание природы тьмы.";स्वधर्ममपि चावेक्ष्य न विकम्पितुमर्हसि ।;Bhagavad Gita 2.31;"«Даже рассматривая свой долг, тебе не следовало бы колебаться».";Исполняй свой долг — это путь воина и чести.;;;
44;Witch;shadow;Ведьма;«Если я проявлю себя — меня снова сожгут». «Моя сила — угроза».;"Изолирована  страхами других и пугает даже себя. Боится проявить силу, потому что её отвергли. Часто носит в себе силу, которую боится проявить. Прячется за страхом осуждения, забывая, что её дар — не зло, а глубина. Несёт магию, которую ещё не приняла.";दैवी ह्येषा गुणमयी मम माया दुरत्यया । मामेव ये प्रपद्यन्ते मायामेतां तरन्ति ते ॥;Bhagavad Gita 7.14;"«Моя божественная энергия, сотканная из гун, труднопреодолима; те, кто вручает себя Мне, пересекают эту майю».";"Майя гун сильна; преданность Источнику очищает тёмную силу.";;;
44;Mystic;archetype;Мистик;Ты можешь быть тайной — и быть живой. Твоя магия не требует разрешения.;"Проходит сквозь невидимое с доверием. Обитает между мирами , 
между словами. Доверяет невидимому и слышит тишину. Его сила — в молчании, соединении и знании, которое нельзя объяснить словами.";कर्मण्येवाधिकारस्ते मा फलेषु कदाचन । मा कर्मफलहेतुर्भूर्मा ते सङ्गोऽस्त्वकर्मणि ॥;Bhagavad Gita 2.47;"«Право твоё — на действие, а не на плоды; не считай себя причиной плодов и не привязывайся к бездействию».";"Делай своё — не залипай в результате; проявляйся.";;;
45;Nagger;shadow;Ворчун;"«Если я не скажу — меня не услышат». «Я должен указывать, иначе всё рухнет».";"Жалуется, потому что не умеет просить, но часто это крик боли.  Его голос — попытка быть услышанным, где раньше был проигнорирован. Его раздражение — зов о внимании.  За недовольством — тоска по вниманию и признанию.";आवृतं ज्ञानमेतेन ज्ञानिनो नित्यवैरिणा । कामरूपेण कौन्तेय दुष्पूरेणानलेन च ॥;Bhagavad Gita 3.39;"«Знание покрыло вечное врагом — похотью, ненасытным огнём».";"Похоть застилает знание; очистись — и люби свободно.";;;
45;Old Wise Woman;archetype;Мудрая женщина;"Твой голос может лечить, а не ранить. В тебе звучит мудрость.";"Не жалуется. Говорит мало, но точно. Её слова — лекарство и правда. Несёт зрелость, где другие кричат. Несёт тепло и проницательность, её слова — и утешение, и пробуждение. Видит суть и напоминает другим о внутренней опоре. Её голос — как колыбель и меч.";यस्मान्नोद्विजते लोको लोकान्नोद्विजते च यः । हर्षामर्षभयोद्वेगैर्मुक्तो यः स च मे प्रियः ॥;Bhagavad Gita 12.15;"«Тот, от кого мир не тревожится и кто сам не тревожится миром, свободный от радости, гнева, страха и волнений — дорог Мне».";"Любящий приносит миру спокойствие; его сердце не ранит.";;;
46;Predator;shadow;Хищник;«Если я не доминирую — меня съедят». «Моя сила только в контроле».;"Охотится ради власти, взгляд пронизывающий, движим жаждой контроля. Тень Хищника проявляется, когда сила становится средством господства, а не служения.";काम एष क्रोध एष रजोगुणसमुद्भवः । महाशनो महापाप्मा विद्ध्येनमिह वैरिणम् ॥;Bhagavad Gita 3.37;"«Это вожделение, рождаемое гунами страсти, — оно же гнев; всепожирающее, великий грешник — знай его вечным врагом здесь».";Распознай вожделение и гнев как врага — сила без сердца превращается в насилие.;;;
46;Shaman;archetype;Шаман;"Связь с глубокой интуицией и силой, которой не нужно доказывать себя.";"Ведёт за пределы эго, работает с теневыми импульсами, исцеляет не подавляя. Шаман — это тот, кто прошёл сквозь тьму и стал проводником света.";त्रैगुण्यविषया वेद निस्त्रैगुण्यो भवार्जुन । निर्द्वन्द्वो नित्यसत्त्वस्थो निर्योगक्षेम आत्मवान् ॥;Bhagavad Gita 2.45;"«Веды занимаются тремя гунами; стань вне гун, Арджуна, свободен от двойственности, утверждён в чистоте и самодостаточен».";Выйди за пределы гун и двойственности — в тишине рождается настоящая сила проводника.;;;
47;Villain;shadow;Преступник;"«Если я приму себя — мне нечем будет защищаться». «Я разрушу, чтобы не быть разрушенным».";"Действует из тени, мстит, верит в свою отделённость. Тень возникает, когда боль превращается в разрушительное стремление к власти.";अहंकारं बलं दर्पं कामं क्रोधं च संश्रिताः । मामात्मपरदेहेषु प्रद्विषन्तोऽभ्यसूयकाः ॥;Bhagavad Gita 16.18;"«Одержимые эгоизмом, силой, высокомерием, вожделением и гневом завистники ненавидят Меня — в собственных и чужих телах».";Гордыня и гнев превращают силу во зло — смири эго и очисти мотив.;;;
47;God;archetype;Бог;"Свет, который не отвергает тьму, а преображает её в любовь.";"Воплощает Единство, творит не разрушая, а через Любовь. Бог — это архетип великого Принятия и Сотворения.";समोऽहं सर्वभूतेषु न मे द्वेष्योऽस्ति न प्रियः । ये भजन्ति तु मां भक्त्या मयि ते तेषु चाप्यहम् ॥;Bhagavad Gita 9.29;"«Я равен ко всем существам, для Меня нет ни ненавистных, ни любимых; но те, кто служат Мне с преданностью, пребывают во Мне, и Я — в них».";"Божественность — равное принятие; любовь не отвергает тьму, а преображает её.";;;
48;Torturer;shadow;Мучитель;«Если я перестану наказывать — останусь слабым». «Боль — это мой способ контролировать».;"Причиняет боль себе и другим, оправдывая «справедливостью». Тень возникает из страха быть уязвимым — перевёрнутая боль.";काम एष क्रोध एष रजोगुणसमुद्भवः । महाशनो महापाप्मा विद्ध्येनमिह वैरिणम् ॥;Bhagavad Gita 3.37;"«Это вожделение, рождаемое гунами страсти, — оно же гнев; всепожирающее, великий грешник — знай его вечным врагом здесь».";"Жажда наказания питается страстью и гневом; останови круг боли.";;;
48;Wise Fool;archetype;Мудрый глупец;Принятие своей уязвимости как источника силы и юмора.;"Показывает глубины через парадокс, смеётся сквозь слёзы. Несёт в себе освобождение и принятие несовершенства.";सुखदुःखे समे कृत्वा लाभालाभौ जयाजयौ । ततो युद्धाय युज्यस्व नैवं पापमवाप्स्यसि ॥;Bhagavad Gita 2.38;"«Сделав равными радость и горе, приобретение и потерю, победу и поражение, вступай в битву — так ты не навлечёшь греха».";Равность к успеху и неудаче даёт свободу говорить правду с юмором и милостью.;;;
49;Orphan;shadow;Сирота;"«Если я откроюсь — меня снова бросят». «Лучше быть одиноким, чем обманутым».";"Чувствует себя покинутым, замкнут, живёт в ощущении ненужности. Тень Сироты кричит о любви, которую боится принять.";यो मां पश्यति सर्वत्र सर्वं च मयि पश्यति । तस्याहं न प्रणश्यामि स च मे न प्रणश्यति ॥;Bhagavad Gita 6.30;"«Кто видит Меня во всём и всё во Мне — Я не исчезаю для него, и он не исчезает для Меня».";Когда видишь Единого во всём — чувство покинутости растворяется.;;;
49;Friend;archetype;Друг;"Способность быть рядом — искренне, без условий.";"Всегда рядом, даже в тишине, видит ценность в присутствии. Друг действует правдиво, с состраданием и милосердием. Архетип Друга способствует установлению связей, веселью и продуктивности.";गतिर्भर्ता प्रभुः साक्षी निवासः शरणं सुहृत् । प्रभवः प्रणवः कर्ता धाता सम्भवः ॥;Bhagavad Gita 9.18;"«Я — цель, поддерживающий, Владыка, свидетель, обитель, прибежище и друг…»";"Быть рядом как свидетель и друг — это служение, которое укрепляет сердца.";;;
50;Fatso;shadow;Толстяк;"«Если я не ем — ничего не останется». «Я не верю, что могу измениться».";"Скрывается за телом, будто бронёй, пытается заполнить внутреннюю пустоту. Часто прибавляет вес, чтобы «не быть видимым» или не чувствовать боль. Тень появляется, когда человек теряет веру в возможность изменений.";यातयामं गतरसं पूति पर्युषितं च यत् । उच्छिष्टमपि चामेध्यं भोजनं तामसप्रियम् ॥;Bhagavad Gita 17.10;"«Пища несвежая, безвкусная, испорченная, чёрствая, осквернённая и нечистая — любима теми, кто пребывает в тамасе».";"Невежественная пища и жизнь усыпляют; выбирай то, что даёт жизнь.";;;
50;Optimist;archetype;Оптимист;"Надежда, оживляющая тело и душу, независимо от формы и прошлого.";"Видит свет даже в темноте, вдохновляет без давления. Смотрит на жизнь с доверием. Видит возможность в каждом моменте, даже если трудно. Его энергия лёгкая и вдохновляющая — он напоминает: всё возможно. Оптимист — это тот, кто не отрицает боль, но выбирает надежду.";नेहाभिक्रमनाशोऽस्ति प्रत्यवायो न विद्यते । स्वल्पमप्यस्य धर्मस्य त्रायते महतो भयात् ॥;Bhagavad Gita 2.40;"«В этом пути нет потерь и обратного действия; даже немного этой дхармы спасает от великого страха».";На этом пути нет потерь: каждый малый шаг к добру спасает от большого страха.;;;
51;Fool;shadow;Глупец;"«Если я стану серьёзным — меня не будут любить». «Лучше быть смешным, чем непонятым».";"Смеётся не в попад, прячется за неуместностью, боится быть серьёзным. Тень проявляется, когда душа зовёт к зрелости, а человек отворачивается.";अज्ञश्चाश्रद्दधानश्च संशयात्मा विनश्यति । नायं लोकोऽस्ति न परो न सुखं संशयात्मनः ॥;Bhagavad Gita 4.40;"«Невежда, лишённый веры и сомневающийся, погибает; для сомневающегося нет ни этого мира, ни следующего, ни счастья».";Невежество и сомнение лишают радости и зрелости.;;;
51;Jester;archetype;Шут;"Спонтанность. Свобода быть собой – и в боли, и в радости. Не маска, а искренняя радость.";"Несёт истину сквозь юмор, соединяет сердце и игру. Шут — это мудрость в маске наивности, пробуждающая душу. Он привносит баланс, особенно в прозаические и глупые ситуации.";आपूर्यमाणमचलप्रतिष्ठं समुद्रमापः प्रविशन्ति यद्वत् । तद्वत्कामा यं प्रविशन्ति सर्वे स शान्तिमाप्नोति न कामकामी ॥;Bhagavad Gita 2.70;"«Как воды рек, впадая в неподвижный и полный океан, не волнуют его, так и тот, в кого входят желания, остаётся в мире — а не тот, кто стремится к их исполнению».";"Как океан, невозмутимый среди рек желаний, — смех без жадности и позы.";;;
52;Cheat;shadow;Жулик;"«Если я буду честным — меня раскроют». «Лучше обман, чем признание незнания».";"Хочет лёгкого пути, избегает ответственности, боится провала.  Тень проявляется, когда человек предаёт свою глубину.";इष्टान्भोगान्हि वो देवा दास्यन्ते यज्ञभाविताः । तैर्दत्तानप्रदायेभ्यो यो भुङ्क्ते स्तेन एव सः ॥;Bhagavad Gita 3.12;"«Существа небесные, удовлетворённые жертвой, даруют блага; кто принимает их, не делясь, — воистину вор».";"Брать, не отдавая, — кража; страх недостатка исцеляется щедростью.";;;
52;Adept;archetype;Адепт / Знающий;"Вера в то, что истина внутри сильнее любой хитрости.";"Делится знанием, потому что сам прошёл путь. Спокоен в любых 
состояниях. Знает природу движения и покоя. Наставник через 
собственную внутреннюю целостность. Адепт — это мастер, у которого мудрость  сочетается  со скромностью.";न हि ज्ञानेन सदृशं पवित्रमिह विद्यते ।;Bhagavad Gita 4.38;"«Нет в этом мире ничто столь же очищающее, как знание».";Знание очищает сердце и возвращает достоинство.;;;
53;Bully;shadow;Задиpа;"«Если я не нападу — меня уничтожат». «Сила — это страх, а не любовь».";"Пугает, чтобы не быть уязвимым, бьёт первым, чтобы не быть побитым. Тень Задиры скрывает страх быть отвергнутым мальчиком.";क्रोधाद्भवति संमोहः संमोहात्स्मृतिविभ्रमः । स्मृतिभ्रंशाद्बुद्धिनाशो बुद्धिनाशात्प्रणश्यति ॥;Bhagavad Gita 2.63;"«Из гнева возникает заблуждение, из заблуждения — расстройство памяти; из потери памяти — гибель разума, а из гибели разума — падение».";Привязанность рождает гнев и падение — корень агрессии.;;;
53;Man;archetype;Мужчина;"Мужество быть добрым и сильным одновременно, не теряя себя.";"Стоит твёрдо, но мягко, в уважении к себе и другим.  Архетип Мужчины — зрелая сила, не нуждающаяся в доказательствах.";तस्मादसक्तः सततं कार्यं कर्म समाचर । असक्तो ह्याचरन्कर्म परमाप्नोति पूरुषः ॥;Bhagavad Gita 3.19;"«Поэтому, не привязываясь, постоянно исполняй должное действие; действуя без привязанности, человек достигает высшего».";Зрелая мужественность — делать должное без привязанности к результату.;;;
54;Dark Goddess;shadow;Тёмная богиня;«Если я буду нежной — меня не услышат». «Контроль — мой единственный способ быть нужной».;"Манит и пугает, управляет через боль, соблазняет страхом.  Тень подавленной женской силы. Отвергнутая — становится опасной. Появляется, когда священность тела заменяется контролем над другими.";दैवी ह्येषा गुणमयी मम माया दुरत्यया । मामेव ये प्रपद्यन्ते मायामेतां तरन्ति ते ॥;Bhagavad Gita 7.14;"«Моя божественная энергия, сотканная из гун, трудно преодолима; те, кто вручают себя Мне, пересекают эту майю».";Майя гун захватывает — предайся Высшему и очисти силу.;;;
54;Goddess;archetype;Богиня;"Священная женственность, сияющая свободой, а не манипуляцией.";"Целостна и сияет, соединяет силу и мягкость. Богиня — источник жизни, которая принимает и направляет.";मृत्युः सर्वहरश्चाहम् उद्भवश्च भविष्यताम् । कीर्तिः श्रीर्वाक्स्मृतिर्मेधा धृतिः क्षमा दमः ॥;Bhagavad Gita 10.34;"«Я — смерть, всё пожирающая, и источник будущего; и Я — женские качества: слава, красота, речь, память, разум, стойкость и терпение».";"Истинная женская мощь — речь, память, стойкость, красота; не контроль страхом.";;;
55;Betrayer;shadow;Предатель;«Если я раскроюсь — меня предадут первым». «Никто не останется со мной по-настоящему».;"Нарушает доверие. Часто обманывает себя, прежде чем обмануть других. Боится близости, поэтому разрушает её первым.";दम्भो दर्पोऽभिमानश्च क्रोधः पारुष्यमेव च । अज्ञानं чाभिजातस्य पार्थ सम्पदामासुरीम् ॥;Bhagavad Gita 16.4;"«Лицемерие, гордыня, высокомерие, гнев, грубость и невежество — признаки демонической природы».";Лицемерие и гордыня разрушают верность — выбери правду и честь.;;;
55;Ally;archetype;Союзник;"Там, где был разрыв — может быть восстановление.";"Присутствует рядом. Не требует, а поддерживает. Создаёт пространство доверия, принадлежности и дружбы. Присутствует из сердца, не из долга.";क्षिप्रं भवति धर्मात्मा शश्वच्छान्तिं निगच्छति । कौन्तेय प्रतिजानीहि न मे भक्तः प्रणश्यति ॥;Bhagavad Gita 9.31;"«Он быстро становится праведным и достигает вечного мира. Объяви, о сын Кунти: Мой преданный не погибает».";Верность и преданность приводят к миру: любимый Богу не гибнет.;;;
56;Monster;shadow;Изверг;"«Я должен быть страшным, чтобы выжить». «Слабость — это опасность».";"Олицетворение ужаса внутри. Может быть агрессивным, подавляющим, разрушительным. Нападает первым, потому что боится быть уязвимым.";काम एष क्रोध एष रजोगुणसमुद्भवः । महाशनो महापाप्मा विद्ध्येनमिह वैरिणम् ॥;Bhagavad Gita 3.37;"«Это вожделение, рождаемое гунами страсти, — оно же гнев; всепожирающее, великий грешник — знай его вечным врагом здесь».";"Страсть и гнев, не принятые и необузданные, рождают «чудовище».";;;
56;Protector;archetype;Защитник;Сила без сердца становится разрушением. Стань стражем.;"Стоит на страже, сохраняет границы. Верен истине и тем, кого любит. Его сила — не в подавлении, а в присутствии.";अनन्याश्चिन्तयन्तो मां ये जनाः पर्युपासते । तेषां नित्याभियुक्तानां योगक्षेमं वहाम्यहम् ॥;Bhagavad Gita 9.22;"«Тем, кто с непоколебимой преданностью поклоняется Мне, Я несу защиту и всё необходимое».";"Честь долга и защита света — действуй по дхарме, не ради плодов.";;;
57;Slave;shadow;Раб;"«Если я возьму власть — меня отвергнут». «Лучше быть нужным, чем свободным».";"Подчиняется, забывая о своей воле и достоинстве. Часто выбирает угождение вместо свободы. За послушанием — страх одиночества и отвержения.";यो मां पश्यति सर्वत्र सर्वं च मयि पश्यति । तस्याहं न प्रणश्यामि स च मे न प्रणश्यति ॥;Bhagavad Gita 6.30;"«Кто видит Меня во всём и всё во Мне — Я не исчезаю для него, и он не исчезает для Меня».";"Видя Единого во всём, перестаёшь быть чужим — дверь в дом внутри.";;;
57;King;archetype;Король;Власть начинается с выбора — стань хозяином своей жизни.;"Воплощает зрелую силу. Отвечает за всё царство — внешнее и 
внутреннее. Его власть — не над, а через. Принимает силу и власть, не уничтожая. Обладает достоинством и мудростью.";गामाविश्य च भूतानि धारयाम्यहमोजसा । पुष्णामि चौषधीः सर्वाः सोमो भूत्वा रसात्मकः ॥;Bhagavad Gita 15.13;"«Войдя в Землю, Я поддерживаю всех существ Своей силой; став Луной, питаю все растения соком».";Поддерживай и питай — мягкая сила Земли превращает боль в жизнь.;;;
58;Pig;shadow;Свинья;"«Если я остановлюсь — почувствую, как мне больно». «Я не заслуживаю заботы».";"Символ небрежности, обжорства, неуважения к телу. Часто ест, потребляет, отвлекается, чтобы заглушить стыд или одиночество. Неуважение к телу маскирует боль непринятия.  Поглощает без меры, теряя связь с собой.";तानहं द्विषतः क्रूरान् संसारेषु नराधमान् । क्षिपाम्यजस्रमशुभान् आसुरीष्वेव योनिषु ॥;Bhagavad Gita 16.19;"«Этих ненавистников, жестоких, низших среди людей, Я вновь и вновь низвергаю в материальный мир — в демонические лона».";"Зависть и жестокость низвергают; тёмную силу нужно очистить служением.";;;
58;Earth Mother;archetype;Мать-Земля;"Прими тело как храм, а пищу — как дар.";"Любит без условий. Принимает всё. Бескорыстно питает даже тех, кто теряет с ней связь. Трансформирует с любовью и уважением к жизни. Её тепло возвращает связь с телом, ритмом природы и ощущением «дома».";गामाविश्य च भूतानि धारयाम्यहमोजसा । पुष्णामि चौषधीः सर्वाः सोमो भूत्वा रसात्मकः ॥;Bhagavad Gita 15.13;"«Войдя в Землю, Я поддерживаю всех существ Своей силой; становясь Луной, питаю все растения соком».";Поддерживай и питай — мягкая сила Земли возвращает к жизни.;;;
59;Dark Goddess;shadow;Тёмная Богиня;«Если я раскрою свет — меня снова отвергнут». «Моё тело — источник вины и власти».;"Очаровывает, а затем разрушает.  Тень подавленной женской силы. Отвергнутая — становится опасной. Взывает к уважению через страх, а не любовь. Несёт силу, которой боится сама. За маской — боль и стремление быть увиденной.";धूमेनाव्रियते वह्निर्यथादर्शो मलेन च । यथोल्बेना वृतो गर्भस्तथा तेनेदमवृतम् ॥;Bhagavad Gita 3.38;"«Как огонь покрыт дымом, зеркало — пылью и зародыш — оболочкой, так и знание покрывается этим».";"Желание и эго накрывают знание, как дым огонь — отсюда обман и манипуляция.";;;
59;Living Beauty;archetype;Живая Красота;"Ты красива не вместо силы, а вместе с ней.";"Красота как бытие, не как форма. Её свет не требует оценки. Её сила — в естественности. Красота, в которой нет притворства. Присутствие, в котором душа чувствует себя дома. Она исцеляет собой, не разрушая.";न हि ज्ञानेन सदृशं पवित्रमिह विद्यते ।;Bhagavad Gita 4.38;"«Нет в этом мире ничто столь же очищающее, как знание».";Царское знание чисто и действенно — алхимия духа сильнее страха.;;;
60;Devil;shadow;Дьявол;"«Если я отпущу контроль — всё разрушится». «Моя сила только в том, что я могу управлять другими».";"Манипулирует желаниями, страхами, властью. Искажает истину, чтобы контролировать. Верит, что без контроля всё развалится. За маской силы — испуг быть отвергнутым и беспомощным. Соблазняет внешним, уводя от сути.";यत्तदग्रे चानुबन्धे च सुखं मोहनमात्मनः । निद्रालस्यप्रमादोत्थं तत् तामसमुदाहृतम् ॥;Bhagavad Gita 18.39;"«Счастье, которое сперва и потом лишь усыпляет душу, возникая из сна, лени и небрежности, — зовётся тамасическим».";"Тамасическое «счастье» — сон и забытьё; оно не освобождает.";;;
60;Magus;archetype;Маг;Твоя настоящая магия — в честности с собой.;"Соединяет тьму и свет, преображает боль в знание. Управляет светом и тенью как единым потоком. Маг — это тот, кто владеет энергией, не подавляя, а преобразуя. Его сила — в целостности и трансформации, в осознанности и внутреннем канале связи с Источником.";राजविद्या राजगुह्यं पवित्रमिदमुत्तमम् । प्रत्यक्षावगमं धर्म्यं सुसुखं कर्तुमव्ययम् ॥;Bhagavad Gita 9.2;"«Это знание — царь знаний, сокровеннейшее, чистое и высшее; оно постигается прямо, ведёт по дхарме, легко в практике и неистощимо».";"Царское знание — алхимия, очищающая и преображающая тьму.";;;
61;Drunk;shadow;Пьяница;«Если я останусь трезвым — мне станет невыносимо». «Сознание приносит слишком много боли».;"Уходит в зависимость, теряет контроль. Часто прячется от боли и реальности.  Ищет забвения, чтобы не чувствовать. Часто несёт боль, которую некому удержать. Теряет себя в попытке ускользнуть от правды. Пытается забыться, вместо того чтобы присутствовать.";यत्तदग्रे चानुबन्धे च सुखं मोहनमात्मनः । निद्रालस्यप्रमादोत्थं तत्तामसमुदाहृतम् ॥;Bhagavad Gita 18.39;"«Счастье, которое в начале и в конце лишь усыпляет душу, возникая из сна, лени и небрежности, — зовётся тамасическим».";Сон-утешение тамаса усыпляет душу — выбери пробуждение.;;;
61;Adept;archetype;Адепт  (Знающий);В присутствии — покой. В ясности — сила.;"Сознаёт, владеет собой. Проживает трансформации, не теряя 
осознанности. Спокоен в любых состояниях. Знает природу движения и покоя. Наставник через собственную внутреннюю целостность. Его сила — в глубине и ясности.";बलं बलवतां चाहं कामरागविवर्जितम् । धर्माविरुद्धो भूतेषु कामोऽस्मि भरतर्षभ ॥;Bhagavad Gita 7.11;"«Я — сила сильных, свободная от страсти; Я — желание в существах, не противоречащее дхарме».";"Желание, не противоречащее дхарме, — священная сила любви.";;;
62;Slut;shadow;Распущенность  / Неряха;«Я — только тело». «Если я буду нежной — меня снова ранят».;"Стыд за тело, удовольствие, выраженность. Часто путает близость с подтверждением своей ценности. Живёт в разрыве между виной и желанием.  Часто — реакция на осуждение. Скрытая боль, переодетая в развязность.";एतां दृष्टिमवष्टभ्य नष्टात्मानोऽल्पबुद्धयः । प्रभवन्त्युग्रकर्माणः क्षयाय जगतोऽहिताः ॥;Bhagavad Gita 16.9;"«Держа такую [демоническую] точку зрения, потерявшие себя и малоразумные становятся деятелями страшных дел — к гибели мира, к его беде».";Демонический взгляд толкает к страшным делам — к гибели мира.;;;
62;Lover;archetype;Влюблённый;Близость начинается с принятия себя.;"Ценит прикосновение, близость, настоящую связь. Видит в соединении не только тело, но и душу. Любовь для него — священное пространство, а не объект желания. Превращает физическое в священное.";स्वधर्ममपि चावेक्ष्य न विकम्पितुमर्हसि ।;Bhagavad Gita 2.31;"«Даже рассматривая свой долг, тебе не следовало бы колебаться».";"Следуй своему долгу и защити свет — не ради плодов, а ради истины.";;;
63;Terrorist;shadow;Террорист;«Если я не разрушу — меня не услышат». «Сила — только через страх».;"Разрушает ради идеи. Его действия — крик отчаяния и желания быть услышанным. Часто вырос на ранах без правды и справедливости. Верит, что разрушение — единственный способ изменить мир. Часто движим болью и фанатичной верой. Несёт гнев, замаскированный под справедливость.";एतां दृष्टिमवष्टभ्य नष्टात्मानोऽल्पबुद्धयः । प्रभवन्त्युग्रकर्माणः क्षयाय जगतोऽहिताः ॥;Bhagavad Gita 16.9;"«Держа такую [демоническую] точку зрения, потерявшие себя и малоразумные становятся деятелями страшных дел — к гибели мира, к его беде».";Демонический взгляд толкает к страшным делам — к гибели мира.;;;
63;Paladin;archetype;Светлый воин;Светлая идея не нуждается в насилии.;"Служит идее из любви, а не ярости. Несёт свет и честь. Стоит на стороне истины, даже если один. Он сражается не ради победы, а ради света. Его сила — в верности истине.";स्वधर्ममपि चावेक्ष्य न विकम्पितुमर्हसि ।;Bhagavad Gita 2.31;"«Даже рассматривая свой долг, тебе не следовало бы колебаться».";"Следуй своему долгу и защити свет — не ради плодов, а ради истины.";;;
;;;;;;;;;;;;
